,Evaluator 1,Evaluator 2
Redundancy,0.8914057641407569,0.9267832049228714
Accuracy,1.0106236140058158,0.909374707008778
Completeness,1.0563886562761933,0.21617422384142543
